online_patient_id,Fname,email,session_status,start_time
"25","Emma","pat0@test.com","inactive","2025-01-31T10:23:07.000Z"
"132","ZiJian","pat1@test.com","inactive","2024-11-28T04:14:38.000Z"
"133","Daniel","pat2@test.com","inactive","2024-04-16T19:24:40.000Z"
"134","Emily","pat3@test.com","inactive","2024-04-16T19:24:58.000Z"
"135","Daniel","pat4@test.com","inactive","2024-03-18T19:31:15.000Z"
"136","Daniel","pat5@test.com","inactive","2024-03-18T19:31:54.000Z"
"137","Henry","pat6@test.com","inactive","2024-03-18T19:32:41.000Z"
"138","Isabella","pat7@test.com","inactive","2024-03-18T19:33:10.000Z"
"139","Emma","pat8@test.com","inactive","2024-03-18T19:33:59.000Z"
"140","Emily","pat9@test.com","inactive","2024-03-06T22:42:16.000Z"
"141","Lily","pat10@test.com","inactive","2024-03-06T22:43:13.000Z"
"142","Mason","pat11@test.com","inactive","2024-03-06T22:43:44.000Z"
"143","Alexander","pat12@test.com","inactive","2023-12-07T07:14:24.000Z"
"152","Lily","pat21@test.com","inactive","2024-02-15T21:59:34.000Z"
"178","Luna","pat47@test.com","inactive","2023-12-07T18:48:40.000Z"
"191","Ariana","pat60@test.com","active","2023-12-06T20:09:05.000Z"
"199","Jacob","pat68@test.com","inactive","2023-12-07T07:57:26.000Z"
"216","Aria","pat85@test.com","inactive","2024-02-15T21:53:32.000Z"
"296","John","john123@gmail.com","inactive","2023-12-05T07:43:59.000Z"